source_iata,target_iata,source_NODE,target_NODE,edge_type,allowed,flight_count,event_count,mean_departure_delay
ATL,ATL,0,0,self_loop,1,376836,62643,
ATL,ORD,0,1,route,1,7110,1364,12.465682137834037
ATL,DFW,0,2,route,1,7601,1221,9.45638731745823
ATL,DEN,0,3,route,1,5443,1096,12.162226713209629
ATL,LAX,0,4,route,1,6212,1156,9.890051513200255
ATL,SFO,0,5,route,1,3408,685,10.772887323943662
ATL,PHX,0,6,route,1,3974,557,6.481127327629593
ATL,IAH,0,7,route,1,4180,820,12.3255980861244
ATL,LAS,0,8,route,1,4508,896,11.63287488908607
ATL,MSP,0,9,route,1,5160,821,7.957558139534884
ATL,SEA,0,10,route,1,2939,429,7.958829533855052
ATL,MCO,0,11,route,1,8925,1447,8.53624649859944
ATL,DTW,0,12,route,1,5286,952,10.057321225879685
ATL,BOS,0,13,route,1,5074,983,10.353173039022469
ATL,CLT,0,14,route,1,6851,838,5.046708509706612
ATL,EWR,0,15,route,1,5457,1203,14.556349642660802
ATL,SLC,0,16,route,1,2783,385,7.29500538986705
ATL,LGA,0,17,route,1,8677,1934,13.766393914947562
ATL,JFK,0,18,route,1,2075,511,16.833734939759037
ATL,BWI,0,19,route,1,6344,1092,9.239754098360656
ATL,MDW,0,20,route,1,4923,858,9.949217956530571
ATL,FLL,0,21,route,1,8064,1411,9.406994047619047
ATL,DCA,0,22,route,1,6975,1223,9.216487455197132
ATL,SAN,0,23,route,1,2226,303,7.620844564240791
ATL,MIA,0,24,route,1,5601,799,6.798607391537225
ATL,PHL,0,25,route,1,7148,1447,11.29546726357023
ATL,TPA,0,26,route,1,7700,1375,9.563116883116884
ATL,DAL,0,27,route,1,3110,520,8.595498392282957
ATL,HOU,0,28,route,1,4394,786,9.994538006372323
ATL,PDX,0,29,route,1,1173,179,8.805626598465473
ORD,ATL,1,0,route,1,7010,1567,15.020970042796003
ORD,ORD,1,1,self_loop,1,304938,68882,
ORD,DFW,1,2,route,1,8194,2100,16.995362460336832
ORD,DEN,1,3,route,1,6043,1751,20.79099784875062
ORD,LAX,1,4,route,1,8614,2223,16.089621546319943
ORD,SFO,1,5,route,1,8053,2343,18.35663727803303
ORD,PHX,1,6,route,1,4787,1008,12.426571965740548
ORD,IAH,1,7,route,1,4557,1365,19.89905639675225
ORD,LAS,1,8,route,1,4651,1384,17.434315201032035
ORD,MSP,1,9,route,1,6837,1802,16.689922480620154
ORD,SEA,1,10,route,1,4266,971,12.796999531176748
ORD,MCO,1,11,route,1,4752,1193,15.360058922558922
ORD,DTW,1,12,route,1,4529,947,13.000220799293444
ORD,BOS,1,13,route,1,7063,1784,14.718391618292513
ORD,CLT,1,14,route,1,5045,770,7.682259663032705
ORD,EWR,1,15,route,1,4203,1280,22.064715679276706
ORD,SLC,1,16,route,1,2779,675,16.784094998200793
ORD,LGA,1,17,route,1,10082,2519,15.262547113667924
ORD,JFK,1,18,route,1,1714,530,22.203617269544925
ORD,BWI,1,19,route,1,2696,716,16.864985163204746
ORD,FLL,1,21,route,1,2661,634,15.30477264186396
ORD,DCA,1,22,route,1,6317,1417,13.689884438815891
ORD,SAN,1,23,route,1,2911,721,15.067330814153213
ORD,MIA,1,24,route,1,4483,971,14.940218603613651
ORD,PHL,1,25,route,1,5149,1236,14.88463779374636
ORD,TPA,1,26,route,1,2615,700,18.18891013384321
ORD,PDX,1,29,route,1,2355,587,15.456050955414012
DFW,ATL,2,0,route,1,7611,1300,10.38365523584286
DFW,ORD,2,1,route,1,8426,1763,12.718490386897695
DFW,DFW,2,2,self_loop,1,253928,52379,
DFW,DEN,2,3,route,1,6520,1354,11.566564417177917
DFW,LAX,2,4,route,1,7167,1633,14.285614622575697
DFW,SFO,2,5,route,1,4871,1242,16.040238144118252
DFW,PHX,2,6,route,1,4451,748,9.66546843405976
DFW,IAH,2,7,route,1,4238,819,11.00825861255309
DFW,LAS,2,8,route,1,4602,1000,11.449587136027814
DFW,MSP,2,9,route,1,2793,575,10.707124955245256
DFW,SEA,2,10,route,1,3802,711,9.051551814834298
DFW,MCO,2,11,route,1,4077,798,10.278636252146184
DFW,DTW,2,12,route,1,2853,616,12.78689099193831
DFW,BOS,2,13,route,1,3308,649,10.910519951632406
DFW,CLT,2,14,route,1,4323,650,6.842470506592644
DFW,EWR,2,15,route,1,2660,666,15.623684210526315
DFW,SLC,2,16,route,1,3184,616,10.44221105527638
DFW,LGA,2,17,route,1,4774,1053,10.970883954754925
DFW,JFK,2,18,route,1,585,187,18.846153846153847
DFW,BWI,2,19,route,1,1894,426,12.239176346356915
DFW,FLL,2,21,route,1,2895,631,11.29188255613126
DFW,DCA,2,22,route,1,3393,583,8.530209254347186
DFW,SAN,2,23,route,1,3546,721,11.446700507614214
DFW,MIA,2,24,route,1,3963,944,15.342417360585417
DFW,PHL,2,25,route,1,3864,813,11.476966873706004
DFW,TPA,2,26,route,1,2699,515,10.2726935902186
DFW,HOU,2,28,route,1,1642,350,11.398294762484774
DFW,PDX,2,29,route,1,1966,366,9.17090539165819
DEN,ATL,3,0,route,1,5562,982,9.659475008989572
DEN,ORD,3,1,route,1,5993,1344,15.277156682796596
DEN,DFW,3,2,route,1,6641,1301,11.949405210058726
DEN,DEN,3,3,self_loop,1,212035,45174,
DEN,LAX,3,4,route,1,6226,1550,14.391583681336332
DEN,SFO,3,5,route,1,5811,1667,16.62536568576837
DEN,PHX,3,6,route,1,7829,1489,9.831779282156086
DEN,IAH,3,7,route,1,5208,1148,13.309331797235023
DEN,LAS,3,8,route,1,6779,1419,10.531494320696268
DEN,MSP,3,9,route,1,6008,1179,9.913448735019973
DEN,SEA,3,10,route,1,5653,1180,9.862904652396958
DEN,MCO,3,11,route,1,3159,584,9.741373852484964
DEN,DTW,3,12,route,1,2932,641,12.655184174624829
DEN,BOS,3,13,route,1,2603,657,15.01267767960046
DEN,CLT,3,14,route,1,2096,285,5.371660305343512
DEN,EWR,3,15,route,1,2812,832,18.787339971550495
DEN,SLC,3,16,route,1,6355,1226,8.900708103855232
DEN,LGA,3,17,route,1,3528,948,16.647959183673468
DEN,JFK,3,18,route,1,894,195,13.478747203579418
DEN,BWI,3,19,route,1,2059,528,14.55560951918407
DEN,MDW,3,20,route,1,2908,641,12.32462173314993
DEN,FLL,3,21,route,1,1276,234,8.99921630094044
DEN,DCA,3,22,route,1,1428,211,7.429271708683474
DEN,SAN,3,23,route,1,4291,864,10.257981822419016
DEN,MIA,3,24,route,1,1420,284,10.966901408450704
DEN,PHL,3,25,route,1,2312,463,10.804930795847753
DEN,TPA,3,26,route,1,1732,404,12.465357967667437
DEN,DAL,3,27,route,1,1612,341,10.48697270471464
DEN,HOU,3,28,route,1,1923,413,10.639105564222568
DEN,PDX,3,29,route,1,3795,840,12.003162055335968
LAX,ATL,4,0,route,1,6211,1092,8.932217034293995
LAX,ORD,4,1,route,1,8963,1742,10.944215106549146
LAX,DFW,4,2,route,1,7184,1179,9.641703786191536
LAX,DEN,4,3,route,1,6272,1433,12.403858418367347
LAX,LAX,4,4,self_loop,1,210160,41450,
LAX,SFO,4,5,route,1,14438,3435,13.394375952347971
LAX,PHX,4,6,route,1,7927,1730,10.87359656868929
LAX,IAH,4,7,route,1,4593,1042,13.706292183757892
LAX,LAS,4,8,route,1,10469,2206,10.73731970579807
LAX,MSP,4,9,route,1,3363,630,9.43800178412132
LAX,SEA,4,10,route,1,8565,1051,3.434442498540572
LAX,MCO,4,11,route,1,2603,394,8.117172493276987
LAX,DTW,4,12,route,1,2175,474,12.695632183908046
LAX,BOS,4,13,route,1,4423,670,6.751526113497626
LAX,CLT,4,14,route,1,2131,343,6.638198029094322
LAX,EWR,4,15,route,1,4971,1082,14.08489237577952
LAX,SLC,4,16,route,1,5986,1141,9.058970932175075
LAX,JFK,4,18,route,1,12963,2317,10.419733086476896
LAX,BWI,4,19,route,1,1264,277,10.927215189873415
LAX,MDW,4,20,route,1,2022,523,13.493570722057369
LAX,FLL,4,21,route,1,1889,534,15.942826892535733
LAX,DCA,4,22,route,1,1086,117,4.091160220994476
LAX,SAN,4,23,route,1,4775,869,7.735078534031413
LAX,MIA,4,24,route,1,3290,450,6.478419452887538
LAX,PHL,4,25,route,1,2043,285,4.780225159079785
LAX,TPA,4,26,route,1,635,143,10.17007874015748
LAX,DAL,4,27,route,1,2697,580,11.461253244345569
LAX,HOU,4,28,route,1,1663,456,14.128081779915815
LAX,PDX,4,29,route,1,3700,469,3.809189189189189
SFO,ATL,5,0,route,1,3410,449,6.494721407624634
SFO,ORD,5,1,route,1,8047,1597,11.881943581458929
SFO,DFW,5,2,route,1,4871,909,11.94805994662287
SFO,DEN,5,3,route,1,5508,1245,13.314633260711693
SFO,LAX,5,4,route,1,14762,3201,11.98259043490042
SFO,SFO,5,5,self_loop,1,159974,31423,
SFO,PHX,5,6,route,1,5297,948,8.11836888804984
SFO,IAH,5,7,route,1,3722,814,13.919666845781837
SFO,LAS,5,8,route,1,8756,1844,11.205116491548653
SFO,MSP,5,9,route,1,2695,371,6.017810760667904
SFO,SEA,5,10,route,1,7526,1397,9.190938081318098
SFO,MCO,5,11,route,1,854,201,14.340749414519909
SFO,DTW,5,12,route,1,1451,134,4.169538249483115
SFO,BOS,5,13,route,1,4209,921,13.29056783083868
SFO,CLT,5,14,route,1,1986,172,1.8187311178247731
SFO,EWR,5,15,route,1,5443,1160,13.48594525078082
SFO,SLC,5,16,route,1,3526,703,10.625354509359047
SFO,JFK,5,18,route,1,9163,1660,12.038524500709377
SFO,BWI,5,19,route,1,323,81,13.975232198142416
SFO,MDW,5,20,route,1,850,145,8.94
SFO,FLL,5,21,route,1,1363,344,15.691856199559794
SFO,DCA,5,22,route,1,721,128,9.64493758668516
SFO,SAN,5,23,route,1,7431,1405,10.098909971740008
SFO,MIA,5,24,route,1,1112,188,12.065647482014388
SFO,PHL,5,25,route,1,2284,388,7.445709281961471
SFO,DAL,5,27,route,1,1458,267,9.902606310013718
SFO,PDX,5,29,route,1,4553,790,8.887107401713155
PHX,ATL,6,0,route,1,3967,513,5.588858079153012
PHX,ORD,6,1,route,1,4786,830,12.05871291266193
PHX,DFW,6,2,route,1,4453,633,7.662025600718617
PHX,DEN,6,3,route,1,7814,1583,10.19695418479652
PHX,LAX,6,4,route,1,7992,1569,9.677552552552552
PHX,SFO,6,5,route,1,5306,1339,13.077836411609498
PHX,PHX,6,6,self_loop,1,158817,27861,
PHX,IAH,6,7,route,1,3543,553,7.504092576912221
PHX,LAS,6,8,route,1,5936,1102,8.361859838274933
PHX,MSP,6,9,route,1,4383,651,6.835500798539813
PHX,SEA,6,10,route,1,6236,903,4.882296343810134
PHX,MCO,6,11,route,1,1381,233,8.900796524257784
PHX,DTW,6,12,route,1,2947,437,7.106549032914828
PHX,BOS,6,13,route,1,1534,306,10.14993481095176
PHX,CLT,6,14,route,1,3038,355,4.578670177748519
PHX,EWR,6,15,route,1,2286,432,11.623797025371829
PHX,SLC,6,16,route,1,5964,862,5.941482226693494
PHX,JFK,6,18,route,1,2505,514,12.247904191616769
PHX,BWI,6,19,route,1,1724,294,9.308584686774942
PHX,MDW,6,20,route,1,2440,453,10.062295081967212
PHX,FLL,6,21,route,1,702,133,9.92022792022792
PHX,DCA,6,22,route,1,1058,183,8.965973534971644
PHX,SAN,6,23,route,1,5544,1004,7.557900432900433
PHX,MIA,6,24,route,1,667,81,9.286356821589203
PHX,PHL,6,25,route,1,2650,400,7.918490566037736
PHX,TPA,6,26,route,1,1065,166,7.870422535211268
PHX,DAL,6,27,route,1,1596,410,13.319548872180452
PHX,HOU,6,28,route,1,1508,379,12.391909814323608
PHX,PDX,6,29,route,1,3376,625,7.712085308056872
IAH,ATL,7,0,route,1,4301,845,12.408742152987678
IAH,ORD,7,1,route,1,4662,1277,18.064135564135565
IAH,DFW,7,2,route,1,4190,812,12.055131264916469
IAH,DEN,7,3,route,1,4885,1265,17.365813715455477
IAH,LAX,7,4,route,1,4803,1630,22.21090984801166
IAH,SFO,7,5,route,1,3742,1205,22.122661678246928
IAH,PHX,7,6,route,1,3541,680,11.12369387178763
IAH,IAH,7,7,self_loop,1,157611,31503,
IAH,LAS,7,8,route,1,3017,822,16.68379184620484
IAH,MSP,7,9,route,1,1742,304,9.163030998851896
IAH,SEA,7,10,route,1,2366,590,14.672442941673712
IAH,MCO,7,11,route,1,2842,741,18.3036593947924
IAH,DTW,7,12,route,1,2105,477,15.068883610451309
IAH,BOS,7,13,route,1,1794,467,16.705685618729095
IAH,CLT,7,14,route,1,3673,493,5.863326980669752
IAH,EWR,7,15,route,1,3470,1061,20.629106628242077
IAH,SLC,7,16,route,1,2197,438,10.88984979517524
IAH,LGA,7,17,route,1,2488,778,20.886254019292604
IAH,BWI,7,19,route,1,1087,274,14.606255749770009
IAH,FLL,7,21,route,1,2021,459,14.96338446313706
IAH,DCA,7,22,route,1,2190,508,14.140182648401826
IAH,SAN,7,23,route,1,2189,572,15.001827318410234
IAH,MIA,7,24,route,1,3117,605,10.925248636509464
IAH,PHL,7,25,route,1,2358,544,14.533502968617473
IAH,TPA,7,26,route,1,1891,509,15.842411422527762
IAH,DAL,7,27,route,1,463,50,2.509719222462203
IAH,PDX,7,29,route,1,823,216,15.015795868772782
LAS,ATL,8,0,route,1,4523,639,8.021888127349104
LAS,ORD,8,1,route,1,4625,843,10.70745945945946
LAS,DFW,8,2,route,1,4582,732,10.043430816237452
LAS,DEN,8,3,route,1,6770,1345,10.646676514032496
LAS,LAX,8,4,route,1,10590,2199,10.863456090651558
LAS,SFO,8,5,route,1,8610,2201,15.458536585365854
LAS,PHX,8,6,route,1,5901,1032,8.226402304694119
LAS,IAH,8,7,route,1,3034,571,10.18259723137772
LAS,LAS,8,8,self_loop,1,144900,29337,
LAS,MSP,8,9,route,1,2794,406,6.65748031496063
LAS,SEA,8,10,route,1,5496,864,6.395924308588064
LAS,MCO,8,11,route,1,1036,270,12.533783783783784
LAS,DTW,8,12,route,1,3191,486,7.748041366342839
LAS,BOS,8,13,route,1,1123,323,15.472840605520926
LAS,CLT,8,14,route,1,1685,134,1.656379821958457
LAS,EWR,8,15,route,1,1882,296,9.930393198724762
LAS,SLC,8,16,route,1,4087,710,8.49155860044042
LAS,JFK,8,18,route,1,4007,790,12.930870975792365
LAS,BWI,8,19,route,1,1852,423,13.106371490280775
LAS,MDW,8,20,route,1,2964,630,11.609986504723349
LAS,FLL,8,21,route,1,1151,309,14.986099044309295
LAS,DCA,8,22,route,1,359,38,2.827298050139276
LAS,SAN,8,23,route,1,4422,988,11.251469923111712
LAS,MIA,8,24,route,1,1521,154,5.516107823800131
LAS,PHL,8,25,route,1,2313,408,9.092952875054042
LAS,TPA,8,26,route,1,634,156,14.736593059936908
LAS,DAL,8,27,route,1,1551,398,12.840103159252097
LAS,HOU,8,28,route,1,1511,315,10.297154202514893
LAS,PDX,8,29,route,1,2822,500,6.550318922749823
MSP,ATL,9,0,route,1,5158,555,4.560100814269097
MSP,ORD,9,1,route,1,6764,1393,13.431549379065642
MSP,DFW,9,2,route,1,2784,494,10.87823275862069
MSP,DEN,9,3,route,1,6009,1020,8.351639207854884
MSP,LAX,9,4,route,1,3363,497,7.27505203687184
MSP,SFO,9,5,route,1,2691,516,9.981047937569675
MSP,PHX,9,6,route,1,4374,541,5.725651577503429
MSP,IAH,9,7,route,1,1861,401,12.845781837721654
MSP,LAS,9,8,route,1,2797,434,7.233821952091526
MSP,MSP,9,9,self_loop,1,121877,17152,
MSP,SEA,9,10,route,1,2812,310,5.014935988620199
MSP,MCO,9,11,route,1,1680,183,6.154761904761905
MSP,DTW,9,12,route,1,2894,371,6.502073255010366
MSP,BOS,9,13,route,1,1956,267,5.912576687116564
MSP,CLT,9,14,route,1,2321,227,3.1977595863851787
MSP,EWR,9,15,route,1,1381,295,12.511223750905142
MSP,SLC,9,16,route,1,1996,201,3.607214428857716
MSP,LGA,9,17,route,1,2310,412,9.414285714285716
MSP,JFK,9,18,route,1,935,136,8.390374331550802
MSP,BWI,9,19,route,1,1142,180,8.639229422066549
MSP,MDW,9,20,route,1,3220,570,9.59223602484472
MSP,FLL,9,21,route,1,634,92,5.417981072555205
MSP,DCA,9,22,route,1,1817,217,5.598238855255916
MSP,SAN,9,23,route,1,1155,130,4.621645021645022
MSP,MIA,9,24,route,1,900,87,4.596666666666667
MSP,PHL,9,25,route,1,2599,392,6.525586764140054
MSP,TPA,9,26,route,1,1127,117,4.096716947648624
MSP,PDX,9,29,route,1,1409,171,5.589070262597587
SEA,ATL,10,0,route,1,2940,408,6.848979591836735
SEA,ORD,10,1,route,1,4284,635,7.865546218487394
SEA,DFW,10,2,route,1,3799,522,7.19478810213214
SEA,DEN,10,3,route,1,5605,894,7.485280999107939
SEA,LAX,10,4,route,1,8620,1240,5.790371229698376
SEA,SFO,10,5,route,1,7435,1706,12.595830531271016
SEA,PHX,10,6,route,1,6225,826,5.544578313253012
SEA,IAH,10,7,route,1,2357,340,8.295290623674163
SEA,LAS,10,8,route,1,5488,703,4.4391399416909625
SEA,MSP,10,9,route,1,2815,321,5.91829484902309
SEA,SEA,10,10,self_loop,1,120818,17602,
SEA,MCO,10,11,route,1,480,33,0.4125
SEA,DTW,10,12,route,1,2071,247,4.654273297923709
SEA,BOS,10,13,route,1,1595,353,10.631347962382446
SEA,CLT,10,14,route,1,891,132,7.741863075196409
SEA,EWR,10,15,route,1,1620,322,11.056172839506171
SEA,SLC,10,16,route,1,3816,495,5.020702306079665
SEA,JFK,10,18,route,1,2315,513,12.682505399568036
SEA,BWI,10,19,route,1,757,89,6.5495376486129455
SEA,MDW,10,20,route,1,1111,163,9.108010801080107
SEA,FLL,10,21,route,1,365,35,2.589041095890411
SEA,DCA,10,22,route,1,719,59,1.9554937413073716
SEA,SAN,10,23,route,1,3450,457,4.878550724637681
SEA,MIA,10,24,route,1,370,40,7.135135135135135
SEA,PHL,10,25,route,1,1040,152,7.704807692307693
SEA,TPA,10,26,route,1,365,30,2.5178082191780824
SEA,DAL,10,27,route,1,406,100,13.766009852216747
SEA,HOU,10,28,route,1,146,33,14.41095890410959
SEA,PDX,10,29,route,1,2014,345,7.318272095332671
MCO,ATL,11,0,route,1,8920,1202,7.007511210762332
MCO,ORD,11,1,route,1,4745,1035,14.812012644889355
MCO,DFW,11,2,route,1,4070,724,10.84987714987715
MCO,DEN,11,3,route,1,3128,641,13.542838874680308
MCO,LAX,11,4,route,1,2604,496,12.249615975422428
MCO,SFO,11,5,route,1,856,189,13.410046728971963
MCO,PHX,11,6,route,1,1383,226,7.601590744757773
MCO,IAH,11,7,route,1,2851,678,16.417748158540864
MCO,LAS,11,8,route,1,1040,190,7.9423076923076925
MCO,MSP,11,9,route,1,1678,201,5.6388557806913
MCO,SEA,11,10,route,1,477,77,6.616352201257862
MCO,MCO,11,11,self_loop,1,118884,23236,
MCO,DTW,11,12,route,1,2869,426,7.871732310909724
MCO,BOS,11,13,route,1,3026,683,13.52412425644415
MCO,CLT,11,14,route,1,3207,438,6.189897100093545
MCO,EWR,11,15,route,1,5107,1230,15.641276679067946
MCO,SLC,11,16,route,1,1355,232,7.255350553505535
MCO,LGA,11,17,route,1,4175,952,15.322395209580838
MCO,JFK,11,18,route,1,5717,1560,21.01609235613084
MCO,BWI,11,19,route,1,3285,646,10.931202435312024
MCO,MDW,11,20,route,1,2714,502,10.48268238761975
MCO,FLL,11,21,route,1,725,137,8.787586206896552
MCO,DCA,11,22,route,1,3616,533,6.946073008849558
MCO,SAN,11,23,route,1,533,86,7.129455909943715
MCO,MIA,11,24,route,1,3294,489,9.321190042501518
MCO,PHL,11,25,route,1,5176,1035,11.40629829984544
MCO,DAL,11,27,route,1,1106,166,7.77757685352622
MCO,HOU,11,28,route,1,1533,233,7.744292237442922
DTW,ATL,12,0,route,1,5283,926,9.754684838160136
DTW,ORD,12,1,route,1,4484,844,12.453389830508474
DTW,DFW,12,2,route,1,2848,472,10.813904494382022
DTW,DEN,12,3,route,1,2945,511,9.221392190152802
DTW,LAX,12,4,route,1,2177,397,10.80799265043638
DTW,SFO,12,5,route,1,1451,237,10.49896623018608
DTW,PHX,12,6,route,1,2938,338,6.138189244383935
DTW,IAH,12,7,route,1,2169,409,11.816044260027663
DTW,LAS,12,8,route,1,3195,557,9.163067292644758
DTW,MSP,12,9,route,1,2893,439,8.526097476667818
DTW,SEA,12,10,route,1,2072,271,6.426640926640927
DTW,MCO,12,11,route,1,2871,377,5.529780564263323
DTW,DTW,12,12,self_loop,1,117132,18591,
DTW,BOS,12,13,route,1,3704,548,6.790766738660907
DTW,CLT,12,14,route,1,3386,403,4.770230360307147
DTW,EWR,12,15,route,1,2205,472,13.542857142857144
DTW,SLC,12,16,route,1,1510,206,6.35364238410596
DTW,LGA,12,17,route,1,4618,1029,13.33152880034647
DTW,JFK,12,18,route,1,330,75,16.227272727272727
DTW,BWI,12,19,route,1,2617,371,7.6511272449369505
DTW,MDW,12,20,route,1,2990,540,10.52675585284281
DTW,FLL,12,21,route,1,2863,439,8.41075794621027
DTW,DCA,12,22,route,1,1845,278,8.30569105691057
DTW,SAN,12,23,route,1,764,98,6.206806282722513
DTW,MIA,12,24,route,1,1271,154,8.595594020456334
DTW,PHL,12,25,route,1,2137,383,10.631726719700517
DTW,TPA,12,26,route,1,2265,380,9.452980132450332
DTW,DAL,12,27,route,1,145,7,2.110344827586207
DTW,PDX,12,29,route,1,249,59,15.29718875502008
BOS,ATL,13,0,route,1,5064,835,10.438388625592417
BOS,ORD,13,1,route,1,7071,1214,9.44901711214821
BOS,DFW,13,2,route,1,3313,426,6.010262601871416
BOS,DEN,13,3,route,1,2592,593,12.996141975308642
BOS,LAX,13,4,route,1,4421,692,7.852069667496042
BOS,SFO,13,5,route,1,4196,1008,14.779075309818875
BOS,PHX,13,6,route,1,1534,283,9.561277705345502
BOS,IAH,13,7,route,1,1793,379,13.029559397657556
BOS,LAS,13,8,route,1,1124,294,13.994661921708184
BOS,MSP,13,9,route,1,1957,303,8.831885539090445
BOS,SEA,13,10,route,1,1595,279,8.6858934169279
BOS,MCO,13,11,route,1,3040,556,10.142105263157896
BOS,DTW,13,12,route,1,3697,559,9.239383283743576
BOS,BOS,13,13,self_loop,1,115308,20008,
BOS,CLT,13,14,route,1,3836,558,5.729144942648592
BOS,EWR,13,15,route,1,4799,972,12.41591998332986
BOS,SLC,13,16,route,1,621,86,6.837359098228664
BOS,LGA,13,17,route,1,7236,1257,9.630735212824764
BOS,JFK,13,18,route,1,5343,1055,13.268762867303014
BOS,BWI,13,19,route,1,4741,845,9.430710820502004
BOS,MDW,13,20,route,1,1508,328,12.869363395225465
BOS,FLL,13,21,route,1,2304,571,13.71527777777778
BOS,DCA,13,22,route,1,8148,1023,3.789273441335297
BOS,SAN,13,23,route,1,1039,150,7.282001924927815
BOS,MIA,13,24,route,1,2478,351,8.138418079096045
BOS,PHL,13,25,route,1,5657,848,6.458193388721938
BOS,TPA,13,26,route,1,1192,220,9.833892617449663
BOS,DAL,13,27,route,1,145,33,10.462068965517242
BOS,HOU,13,28,route,1,968,171,10.327479338842975
BOS,PDX,13,29,route,1,519,74,4.229287090558767
CLT,ATL,14,0,route,1,6855,970,7.588621444201313
CLT,ORD,14,1,route,1,4941,868,10.120825743776564
CLT,DFW,14,2,route,1,4336,709,8.870848708487085
CLT,DEN,14,3,route,1,2094,312,7.837631327602674
CLT,LAX,14,4,route,1,2135,378,8.379391100702577
CLT,SFO,14,5,route,1,1988,377,10.529175050301813
CLT,PHX,14,6,route,1,3082,504,8.114211550940947
CLT,IAH,14,7,route,1,3815,659,10.78007863695937
CLT,LAS,14,8,route,1,1691,274,7.056771141336487
CLT,MSP,14,9,route,1,2325,368,8.093763440860215
CLT,SEA,14,10,route,1,897,133,6.468227424749164
CLT,MCO,14,11,route,1,3214,564,8.904480398257624
CLT,DTW,14,12,route,1,3398,381,4.37110064743967
CLT,BOS,14,13,route,1,3843,702,8.822534478272184
CLT,CLT,14,14,self_loop,1,108794,17579,
CLT,EWR,14,15,route,1,4376,932,12.262797074954296
CLT,SLC,14,16,route,1,670,101,6.967164179104477
CLT,LGA,14,17,route,1,3846,776,11.544721788871556
CLT,JFK,14,18,route,1,2742,643,14.082421590080234
CLT,BWI,14,19,route,1,3660,640,8.482786885245902
CLT,MDW,14,20,route,1,677,105,8.221565731166914
CLT,FLL,14,21,route,1,2641,395,7.068913290420295
CLT,DCA,14,22,route,1,2672,403,7.1706586826347305
CLT,SAN,14,23,route,1,768,124,8.106770833333334
CLT,MIA,14,24,route,1,3236,538,9.13689740420272
CLT,PHL,14,25,route,1,3676,660,8.991294885745376
CLT,TPA,14,26,route,1,3104,423,6.569909793814433
CLT,DAL,14,27,route,1,145,28,10.613793103448277
CLT,HOU,14,28,route,1,408,131,15.455882352941176
CLT,PDX,14,29,route,1,277,50,8.108303249097473
EWR,ATL,15,0,route,1,5471,936,11.283494790714675
EWR,ORD,15,1,route,1,4052,1065,18.62166831194472
EWR,DFW,15,2,route,1,2753,519,10.992371957864147
EWR,DEN,15,3,route,1,2861,799,17.264942327857394
EWR,LAX,15,4,route,1,4972,1303,16.240949316170553
EWR,SFO,15,5,route,1,5454,1520,18.0020168683535
EWR,PHX,15,6,route,1,2274,532,14.060246262093228
EWR,IAH,15,7,route,1,3596,994,17.552558398220246
EWR,LAS,15,8,route,1,1873,480,17.652429257875067
EWR,MSP,15,9,route,1,1337,230,9.516080777860882
EWR,SEA,15,10,route,1,1595,331,12.092789968652038
EWR,MCO,15,11,route,1,5104,1248,15.239224137931034
EWR,DTW,15,12,route,1,2182,353,10.832722273143904
EWR,BOS,15,13,route,1,4788,1079,12.094611528822057
EWR,CLT,15,14,route,1,4384,600,6.077326642335766
EWR,EWR,15,15,self_loop,1,108190,24257,
EWR,SLC,15,16,route,1,316,55,12.91139240506329
EWR,BWI,15,19,route,1,298,69,11.02013422818792
EWR,MDW,15,20,route,1,1883,393,13.440254912373872
EWR,FLL,15,21,route,1,3659,884,14.9931675321126
EWR,DCA,15,22,route,1,1509,336,12.126573889993374
EWR,SAN,15,23,route,1,1063,310,16.520225776105363
EWR,MIA,15,24,route,1,2913,612,12.119464469618949
EWR,PHL,15,25,route,1,2,0,-6.0
EWR,TPA,15,26,route,1,2271,628,16.557904007045355
EWR,HOU,15,28,route,1,923,189,14.37919826652221
EWR,PDX,15,29,route,1,351,165,32.61538461538461
SLC,ATL,16,0,route,1,2787,260,5.253677789738069
SLC,ORD,16,1,route,1,2840,577,12.764788732394369
SLC,DFW,16,2,route,1,3191,415,6.855531181447822
SLC,DEN,16,3,route,1,6699,1135,7.555754590237349
SLC,LAX,16,4,route,1,5994,945,7.875208541875208
SLC,SFO,16,5,route,1,3191,731,12.801942964587903
SLC,PHX,16,6,route,1,5952,742,5.320564516129032
SLC,IAH,16,7,route,1,2158,356,8.163577386468953
SLC,LAS,16,8,route,1,4073,577,6.363123005155905
SLC,MSP,16,9,route,1,2001,172,3.096951524237881
SLC,SEA,16,10,route,1,3810,396,2.9435695538057742
SLC,MCO,16,11,route,1,1355,244,7.188929889298893
SLC,DTW,16,12,route,1,1512,145,4.085978835978836
SLC,BOS,16,13,route,1,622,63,3.8633440514469455
SLC,CLT,16,14,route,1,668,79,3.341317365269461
SLC,EWR,16,15,route,1,316,52,7.376582278481012
SLC,SLC,16,16,self_loop,1,105568,12489,
SLC,JFK,16,18,route,1,1974,399,12.211752786220872
SLC,BWI,16,19,route,1,1077,126,5.768802228412256
SLC,MDW,16,20,route,1,860,121,6.518604651162791
SLC,DCA,16,22,route,1,685,98,6.547445255474453
SLC,SAN,16,23,route,1,2466,245,2.5263584752635846
SLC,MIA,16,24,route,1,161,26,8.01863354037267
SLC,PHL,16,25,route,1,639,78,4.895148669796557
SLC,TPA,16,26,route,1,1,0,6.0
SLC,DAL,16,27,route,1,145,2,-1.006896551724138
SLC,HOU,16,28,route,1,9,0,-0.5555555555555556
SLC,PDX,16,29,route,1,2573,258,2.31441896618733
LGA,ATL,17,0,route,1,8657,1828,14.236687074044124
LGA,ORD,17,1,route,1,10119,1900,11.442039727245776
LGA,DFW,17,2,route,1,4757,805,8.902879966365356
LGA,DEN,17,3,route,1,3506,796,15.001426126640046
LGA,IAH,17,7,route,1,2443,461,14.054850593532542
LGA,MSP,17,9,route,1,2306,439,13.295316565481354
LGA,MCO,17,11,route,1,4163,896,13.17343262070622
LGA,DTW,17,12,route,1,4630,1001,12.817494600431964
LGA,BOS,17,13,route,1,7243,1357,9.634957890376915
LGA,CLT,17,14,route,1,3915,543,7.0962962962962965
LGA,LGA,17,17,self_loop,1,103539,22108,
LGA,MDW,17,20,route,1,2323,623,17.15841584158416
LGA,FLL,17,21,route,1,5647,1369,15.162564193377014
LGA,DCA,17,22,route,1,4350,751,6.327126436781609
LGA,MIA,17,24,route,1,6722,1175,9.638054150550431
LGA,PHL,17,25,route,1,188,10,-0.6861702127659575
LGA,TPA,17,26,route,1,2069,451,14.23779603673272
LGA,DAL,17,27,route,1,2702,525,10.92079940784604
LGA,HOU,17,28,route,1,975,225,16.58871794871795
JFK,ATL,18,0,route,1,2077,550,16.737120847376023
JFK,ORD,18,1,route,1,1712,375,14.410630841121495
JFK,DFW,18,2,route,1,583,77,8.27958833619211
JFK,DEN,18,3,route,1,891,224,15.017957351290685
JFK,LAX,18,4,route,1,12971,1926,7.718063372137846
JFK,SFO,18,5,route,1,9166,1540,9.434104298494436
JFK,PHX,18,6,route,1,2498,493,11.3226581265012
JFK,LAS,18,8,route,1,4014,675,9.597907324364725
JFK,MSP,18,9,route,1,958,190,11.89248434237996
JFK,SEA,18,10,route,1,2315,540,14.04319654427646
JFK,MCO,18,11,route,1,5725,1092,11.162620087336244
JFK,DTW,18,12,route,1,309,69,14.20388349514563
JFK,BOS,18,13,route,1,5340,1134,13.462359550561798
JFK,CLT,18,14,route,1,2739,493,11.041621029572838
JFK,SLC,18,16,route,1,1977,413,12.489630753667171
JFK,JFK,18,18,self_loop,1,100161,19797,
JFK,BWI,18,19,route,1,331,68,10.22356495468278
JFK,FLL,18,21,route,1,4675,1080,15.445775401069518
JFK,DCA,18,22,route,1,927,217,12.812297734627832
JFK,SAN,18,23,route,1,1863,367,10.559312936124533
JFK,MIA,18,24,route,1,3860,792,13.4
JFK,TPA,18,26,route,1,2657,559,13.618742943168987
JFK,HOU,18,28,route,1,367,97,15.746594005449593
JFK,PDX,18,29,route,1,913,273,19.008762322015333
BWI,ATL,19,0,route,1,6349,1088,11.178768309970074
BWI,ORD,19,1,route,1,2668,534,13.152173913043478
BWI,DFW,19,2,route,1,1889,381,14.168872419269457
BWI,DEN,19,3,route,1,2063,534,13.70479883664566
BWI,LAX,19,4,route,1,1253,345,16.964086193136474
BWI,SFO,19,5,route,1,321,26,5.289719626168225
BWI,PHX,19,6,route,1,1719,328,12.219895287958115
BWI,IAH,19,7,route,1,1099,281,15.955414012738853
BWI,LAS,19,8,route,1,1853,463,14.803022126281704
BWI,MSP,19,9,route,1,1147,181,10.733217088055795
BWI,SEA,19,10,route,1,756,138,10.092592592592592
BWI,MCO,19,11,route,1,3284,837,14.89646772228989
BWI,DTW,19,12,route,1,2620,458,10.07557251908397
BWI,BOS,19,13,route,1,4726,1065,11.893779094371562
BWI,CLT,19,14,route,1,3642,500,5.728445908841296
BWI,EWR,19,15,route,1,293,51,9.77815699658703
BWI,SLC,19,16,route,1,1076,204,9.83271375464684
BWI,JFK,19,18,route,1,340,71,11.702941176470588
BWI,BWI,19,19,self_loop,1,92548,21362,
BWI,MDW,19,20,route,1,2104,491,12.882604562737642
BWI,FLL,19,21,route,1,4232,1046,14.590264650283554
BWI,SAN,19,23,route,1,771,176,13.479896238651104
BWI,MIA,19,24,route,1,1166,160,8.245283018867925
BWI,PHL,19,25,route,1,7,0,-6.142857142857143
BWI,TPA,19,26,route,1,2329,549,12.869042507513957
BWI,DAL,19,27,route,1,1193,352,15.616093880972338
BWI,HOU,19,28,route,1,1139,296,14.631255487269534
BWI,PDX,19,29,route,1,62,17,17.161290322580644
MDW,ATL,20,0,route,1,4925,833,9.297055837563452
MDW,DEN,20,3,route,1,2911,692,12.518035039505325
MDW,LAX,20,4,route,1,2014,524,14.242800397219463
MDW,SFO,20,5,route,1,844,225,15.183649289099526
MDW,PHX,20,6,route,1,2436,538,11.97208538587849
MDW,LAS,20,8,route,1,2984,686,13.144436997319035
MDW,MSP,20,9,route,1,3167,707,11.843700663088097
MDW,SEA,20,10,route,1,1112,333,16.33363309352518
MDW,MCO,20,11,route,1,2726,542,9.495597945707996
MDW,DTW,20,12,route,1,2992,592,11.390374331550802
MDW,BOS,20,13,route,1,1499,378,14.915276851234156
MDW,CLT,20,14,route,1,676,161,12.155325443786982
MDW,EWR,20,15,route,1,1864,543,18.37070815450644
MDW,SLC,20,16,route,1,852,219,13.0
MDW,LGA,20,17,route,1,2290,669,18.89475982532751
MDW,BWI,20,19,route,1,2113,481,12.99006152389967
MDW,MDW,20,20,self_loop,1,86537,19726,
MDW,FLL,20,21,route,1,1209,275,13.07940446650124
MDW,DCA,20,22,route,1,2994,619,9.63493653974616
MDW,SAN,20,23,route,1,1295,364,13.756756756756756
MDW,PHL,20,25,route,1,1986,552,15.488418932527694
MDW,TPA,20,26,route,1,1517,330,11.475280158206989
MDW,DAL,20,27,route,1,2159,459,10.684576192681796
MDW,HOU,20,28,route,1,2235,529,12.844742729306487
MDW,PDX,20,29,route,1,704,184,14.061079545454543
FLL,ATL,21,0,route,1,8057,1076,6.61511728931364
FLL,ORD,21,1,route,1,2670,500,11.265543071161048
FLL,DFW,21,2,route,1,2906,395,6.611149346180317
FLL,DEN,21,3,route,1,1272,233,10.187893081761006
FLL,LAX,21,4,route,1,1894,489,13.802006335797255
FLL,SFO,21,5,route,1,1365,303,11.754578754578755
FLL,PHX,21,6,route,1,702,92,5.454415954415954
FLL,IAH,21,7,route,1,2020,298,6.813861386138614
FLL,LAS,21,8,route,1,1156,180,6.6842560553633215
FLL,MSP,21,9,route,1,636,113,8.367924528301886
FLL,SEA,21,10,route,1,365,74,7.123287671232877
FLL,MCO,21,11,route,1,729,98,6.7050754458161865
FLL,DTW,21,12,route,1,2864,387,7.072625698324022
FLL,BOS,21,13,route,1,2305,592,14.26594360086768
FLL,CLT,21,14,route,1,2632,264,3.006838905775076
FLL,EWR,21,15,route,1,3649,840,13.408605097286928
FLL,LGA,21,17,route,1,5650,1358,13.586548672566373
FLL,JFK,21,18,route,1,4667,1198,17.73944718234412
FLL,BWI,21,19,route,1,4224,768,9.849431818181818
FLL,MDW,21,20,route,1,1207,245,11.449875724937865
FLL,FLL,21,21,self_loop,1,78598,15249,
FLL,DCA,21,22,route,1,2654,516,8.577618688771665
FLL,PHL,21,25,route,1,2006,348,8.058823529411764
FLL,TPA,21,26,route,1,2087,422,10.279827503593674
FLL,DAL,21,27,route,1,947,165,8.99260823653643
FLL,HOU,21,28,route,1,741,108,5.796221322537112
DCA,ATL,22,0,route,1,6959,1019,9.363414283661443
DCA,ORD,22,1,route,1,6302,1069,10.744208187876865
DCA,DFW,22,2,route,1,3392,545,10.21757075471698
DCA,DEN,22,3,route,1,1420,237,8.215492957746479
DCA,LAX,22,4,route,1,1085,117,4.329953917050691
DCA,SFO,22,5,route,1,720,124,9.84722222222222
DCA,PHX,22,6,route,1,1059,169,7.3210576015108595
DCA,IAH,22,7,route,1,2190,394,10.676712328767124
DCA,LAS,22,8,route,1,355,32,3.3183098591549296
DCA,MSP,22,9,route,1,1816,254,7.779185022026431
DCA,SEA,22,10,route,1,718,62,-0.0417827298050139
DCA,MCO,22,11,route,1,3619,534,7.340978170765405
DCA,DTW,22,12,route,1,1851,266,8.487844408427877
DCA,BOS,22,13,route,1,8144,1162,5.3870333988212185
DCA,CLT,22,14,route,1,2706,337,4.344789356984479
DCA,EWR,22,15,route,1,1513,308,10.498347653668208
DCA,SLC,22,16,route,1,684,77,11.353801169590644
DCA,LGA,22,17,route,1,4357,816,7.592609593757173
DCA,JFK,22,18,route,1,913,275,22.290251916757946
DCA,MDW,22,20,route,1,3001,462,8.064311896034654
DCA,FLL,22,21,route,1,2657,374,5.892736168611216
DCA,DCA,22,22,self_loop,1,78537,11864,
DCA,MIA,22,24,route,1,3203,549,10.27599125819544
DCA,PHL,22,25,route,1,109,8,4.6880733944954125
DCA,TPA,22,26,route,1,2893,459,7.565157276183892
DCA,DAL,22,27,route,1,2658,314,5.341986455981941
DCA,HOU,22,28,route,1,1335,152,3.8779026217228463
DCA,PDX,22,29,route,1,365,40,2.0273972602739727
SAN,ATL,23,0,route,1,2222,153,1.7808280828082808
SAN,ORD,23,1,route,1,2905,397,7.046127366609294
SAN,DFW,23,2,route,1,3546,450,8.091088550479414
SAN,DEN,23,3,route,1,4576,820,7.834571678321678
SAN,LAX,23,4,route,1,4774,764,5.523041474654378
SAN,SFO,23,5,route,1,7451,1725,13.38223057307744
SAN,PHX,23,6,route,1,5545,990,8.581605049594229
SAN,IAH,23,7,route,1,1833,233,8.398254228041463
SAN,LAS,23,8,route,1,4413,958,10.143213233627918
SAN,MSP,23,9,route,1,1152,59,3.71875
SAN,SEA,23,10,route,1,3446,423,2.8177597214161345
SAN,MCO,23,11,route,1,533,85,8.891181988742964
SAN,DTW,23,12,route,1,766,48,2.0509138381201044
SAN,BOS,23,13,route,1,1039,145,6.346487006737247
SAN,CLT,23,14,route,1,764,64,2.823298429319372
SAN,EWR,23,15,route,1,1057,201,11.279091769157992
SAN,SLC,23,16,route,1,2463,200,1.2492894843686562
SAN,JFK,23,18,route,1,1861,320,11.508328855454057
SAN,BWI,23,19,route,1,760,117,8.277631578947368
SAN,MDW,23,20,route,1,1283,204,8.158222915042868
SAN,SAN,23,23,self_loop,1,75612,12692,
SAN,MIA,23,24,route,1,418,41,3.763157894736842
SAN,PHL,23,25,route,1,841,109,6.4494649227110585
SAN,DAL,23,27,route,1,773,162,11.107373868046572
SAN,HOU,23,28,route,1,751,154,10.501997336884154
SAN,PDX,23,29,route,1,1814,202,3.200110253583241
MIA,ATL,24,0,route,1,5603,916,9.43316080671069
MIA,ORD,24,1,route,1,4476,986,12.26899016979446
MIA,DFW,24,2,route,1,3964,977,14.599646821392533
MIA,DEN,24,3,route,1,1421,397,16.74384236453202
MIA,LAX,24,4,route,1,3290,797,15.053799392097265
MIA,SFO,24,5,route,1,1111,250,13.509450945094509
MIA,PHX,24,6,route,1,668,128,9.142215568862277
MIA,IAH,24,7,route,1,3111,659,12.11668273866924
MIA,LAS,24,8,route,1,1523,253,8.097833223900198
MIA,MSP,24,9,route,1,900,213,12.995555555555557
MIA,SEA,24,10,route,1,370,109,13.781081081081082
MIA,MCO,24,11,route,1,3299,749,12.149742346165503
MIA,DTW,24,12,route,1,1269,206,8.42080378250591
MIA,BOS,24,13,route,1,2481,631,14.143490528012896
MIA,CLT,24,14,route,1,3221,429,5.077615647314499
MIA,EWR,24,15,route,1,2901,726,14.290589451913132
MIA,SLC,24,16,route,1,161,34,11.46583850931677
MIA,LGA,24,17,route,1,6734,1581,12.766409266409266
MIA,JFK,24,18,route,1,3860,1085,18.838860103626946
MIA,BWI,24,19,route,1,1167,240,10.922879177377892
MIA,DCA,24,22,route,1,3205,686,10.482995319812792
MIA,SAN,24,23,route,1,418,84,7.978468899521531
MIA,MIA,24,24,self_loop,1,74502,16265,
MIA,PHL,24,25,route,1,2842,643,12.882477128782549
MIA,TPA,24,26,route,1,2175,443,9.43264367816092
PHL,ATL,25,0,route,1,7151,1205,10.104041392812194
PHL,ORD,25,1,route,1,5152,983,11.083850931677018
PHL,DFW,25,2,route,1,3867,688,10.931988621670545
PHL,DEN,25,3,route,1,2328,411,10.521907216494846
PHL,LAX,25,4,route,1,2043,347,8.684777288301518
PHL,SFO,25,5,route,1,2265,440,12.58719646799117
PHL,PHX,25,6,route,1,2607,423,8.787878787878787
PHL,IAH,25,7,route,1,2368,490,12.946368243243244
PHL,LAS,25,8,route,1,2318,433,10.758412424503884
PHL,MSP,25,9,route,1,2598,412,7.769438029253272
PHL,SEA,25,10,route,1,1043,182,7.386385426653883
PHL,MCO,25,11,route,1,5192,1018,12.189907550077042
PHL,DTW,25,12,route,1,2147,316,8.747088961341406
PHL,BOS,25,13,route,1,5671,1044,8.874801622288837
PHL,CLT,25,14,route,1,3364,540,7.10731272294887
PHL,SLC,25,16,route,1,641,128,11.188767550702028
PHL,LGA,25,17,route,1,235,51,8.782978723404256
PHL,BWI,25,19,route,1,7,5,18.285714285714285
PHL,MDW,25,20,route,1,1998,404,11.963963963963964
PHL,FLL,25,21,route,1,2001,369,9.549225387306349
PHL,DCA,25,22,route,1,113,29,12.380530973451329
PHL,SAN,25,23,route,1,846,121,6.273049645390071
PHL,MIA,25,24,route,1,2845,548,11.396133567662568
PHL,PHL,25,25,self_loop,1,71022,12778,
PHL,TPA,25,26,route,1,2578,415,9.12800620636152
PHL,DAL,25,27,route,1,145,24,11.882758620689655
PHL,PDX,25,29,route,1,150,40,10.34
TPA,ATL,26,0,route,1,7686,1004,6.643117356232111
TPA,ORD,26,1,route,1,2605,473,11.095585412667946
TPA,DFW,26,2,route,1,2695,426,9.499814471243043
TPA,DEN,26,3,route,1,1728,268,7.966435185185185
TPA,LAX,26,4,route,1,634,69,4.369085173501578
TPA,SFO,26,5,route,1,1,0,-4.0
TPA,PHX,26,6,route,1,1059,160,6.951841359773371
TPA,IAH,26,7,route,1,1900,358,10.932631578947367
TPA,LAS,26,8,route,1,635,92,7.371653543307087
TPA,MSP,26,9,route,1,1124,143,6.174377224199288
TPA,SEA,26,10,route,1,365,64,6.117808219178082
TPA,DTW,26,12,route,1,2265,306,8.326269315673288
TPA,BOS,26,13,route,1,1189,311,13.743481917577796
TPA,CLT,26,14,route,1,3136,338,4.004783163265306
TPA,EWR,26,15,route,1,2258,509,14.37865367581931
TPA,SLC,26,16,route,1,1,0,-6.0
TPA,LGA,26,17,route,1,2076,483,15.946531791907514
TPA,JFK,26,18,route,1,2651,674,17.851754055073556
TPA,BWI,26,19,route,1,2337,393,9.088575096277278
TPA,MDW,26,20,route,1,1533,296,11.55577299412916
TPA,FLL,26,21,route,1,2058,362,8.510689990281827
TPA,DCA,26,22,route,1,2893,382,5.3328724507431735
TPA,MIA,26,24,route,1,2173,292,7.210768522779567
TPA,PHL,26,25,route,1,2533,483,10.835767864192658
TPA,TPA,26,26,self_loop,1,68414,11970,
TPA,DAL,26,27,route,1,733,140,10.42155525238745
TPA,HOU,26,28,route,1,1046,213,12.26003824091778
DAL,ATL,27,0,route,1,3132,580,9.688058748403575
DAL,DEN,27,3,route,1,1631,363,12.50337216431637
DAL,LAX,27,4,route,1,2702,624,12.197631384159882
DAL,SFO,27,5,route,1,1454,394,17.376203576341126
DAL,PHX,27,6,route,1,1602,336,11.498751560549314
DAL,IAH,27,7,route,1,463,41,3.833693304535637
DAL,LAS,27,8,route,1,1546,287,9.763906856403622
DAL,SEA,27,10,route,1,405,106,14.911111111111111
DAL,MCO,27,11,route,1,1101,224,11.29700272479564
DAL,DTW,27,12,route,1,144,41,18.89583333333333
DAL,BOS,27,13,route,1,145,14,3.117241379310345
DAL,CLT,27,14,route,1,145,21,6.896551724137931
DAL,SLC,27,16,route,1,145,28,12.86896551724138
DAL,LGA,27,17,route,1,2719,696,15.536594336152998
DAL,BWI,27,19,route,1,1194,273,12.674204355108875
DAL,MDW,27,20,route,1,2149,468,12.486272684969752
DAL,FLL,27,21,route,1,944,228,12.352754237288137
DAL,DCA,27,22,route,1,2665,518,10.021763602251408
DAL,SAN,27,23,route,1,779,158,10.356867779204109
DAL,PHL,27,25,route,1,145,22,9.76551724137931
DAL,TPA,27,26,route,1,732,194,14.478142076502731
DAL,DAL,27,27,self_loop,1,64733,14423,
DAL,HOU,27,28,route,1,6649,1383,10.947962099563844
DAL,PDX,27,29,route,1,267,56,13.08614232209738
HOU,ATL,28,0,route,1,4399,815,9.942714253239371
HOU,DFW,28,2,route,1,1633,290,11.932639314145744
HOU,DEN,28,3,route,1,1930,367,10.277720207253886
HOU,LAX,28,4,route,1,1657,397,12.496680748340374
HOU,PHX,28,6,route,1,1500,276,10.778
HOU,LAS,28,8,route,1,1534,234,8.872229465449804
HOU,SEA,28,10,route,1,147,45,20.18367346938776
HOU,MCO,28,11,route,1,1508,432,15.507957559681698
HOU,BOS,28,13,route,1,968,279,16.59194214876033
HOU,CLT,28,14,route,1,406,144,17.958128078817733
HOU,EWR,28,15,route,1,921,263,19.917480998914225
HOU,SLC,28,16,route,1,9,6,38.333333333333336
HOU,LGA,28,17,route,1,996,309,17.72991967871486
HOU,JFK,28,18,route,1,365,118,19.649315068493152
HOU,BWI,28,19,route,1,1117,231,11.768128916741272
HOU,MDW,28,20,route,1,2247,456,11.362260792167334
HOU,FLL,28,21,route,1,739,223,15.265223274695536
HOU,DCA,28,22,route,1,1330,243,8.854135338345865
HOU,SAN,28,23,route,1,748,194,13.546791443850267
HOU,TPA,28,26,route,1,1053,298,15.094017094017094
HOU,DAL,28,27,route,1,6662,1307,10.8381867307115
HOU,HOU,28,28,self_loop,1,55960,12424,
HOU,PDX,28,29,route,1,63,21,18.984126984126984
PDX,ATL,29,0,route,1,1175,113,4.466382978723404
PDX,ORD,29,1,route,1,2376,344,8.142676767676768
PDX,DFW,29,2,route,1,1965,262,9.423918575063611
PDX,DEN,29,3,route,1,3772,511,6.884676564156946
PDX,LAX,29,4,route,1,3702,453,4.193949216639655
PDX,SFO,29,5,route,1,4532,830,9.112091791703442
PDX,PHX,29,6,route,1,3369,358,3.408132977144553
PDX,IAH,29,7,route,1,829,87,4.297949336550061
PDX,LAS,29,8,route,1,2799,405,4.72454448017149
PDX,MSP,29,9,route,1,1407,80,1.840085287846482
PDX,SEA,29,10,route,1,2006,228,3.439680957128614
PDX,DTW,29,12,route,1,249,24,2.991967871485944
PDX,BOS,29,13,route,1,519,60,3.402697495183044
PDX,CLT,29,14,route,1,277,23,1.7509025270758125
PDX,EWR,29,15,route,1,364,62,9.395604395604396
PDX,SLC,29,16,route,1,2573,255,2.455888068402643
PDX,JFK,29,18,route,1,912,158,9.572368421052632
PDX,BWI,29,19,route,1,62,20,25.56451612903226
PDX,MDW,29,20,route,1,703,90,7.275960170697012
PDX,DCA,29,22,route,1,365,25,0.6520547945205479
PDX,SAN,29,23,route,1,1812,213,3.661699779249448
PDX,PHL,29,25,route,1,149,25,8.093959731543624
PDX,DAL,29,27,route,1,267,38,6.50561797752809
PDX,HOU,29,28,route,1,62,18,15.274193548387096
PDX,PDX,29,29,self_loop,1,51416,6442,
